source_url,destination_url,suggested_anchor,reason,priority
/,/training-in-hyderabad,our Ameerpet centre,Homepage address block → the page that owns the locality intent (keyword map §4).,high
/blog/agentic-ai-roadmap-2026-from-prompts-to-autonomous-systems,/courses/agentic-ai,Agentic AI course,"No blog category maps to /courses/agentic-ai, so it receives no informational support. This roadmap is on its topic.",high
/blog/ai-agents-guide-how-autonomous-agents-actually-work,/courses/agentic-ai,the Agentic AI curriculum,"No blog category maps to /courses/agentic-ai, so it receives no informational support. This guide is on its topic.",high
/blog/azure-data-factory-adf-interview-questions,/blog/azure-data-factory-interview-questions-and-answers,Azure Data Factory Interview Questions and Answers,"same-subject: both answer the interview query for ""azure data factory"". Points readers (and the query) at the page that should own it.",high
/blog/building-a-multi-agent-system-patterns-and-pitfalls,/courses/agentic-ai,Agentic AI course in Hyderabad,"No blog category maps to /courses/agentic-ai, so it receives no informational support. This guide is on its topic.",high
/blog/building-ai-agents-with-langgraph-a-hands-on-tutorial,/courses/agentic-ai,Agentic AI classes at GloryTecks,"No blog category maps to /courses/agentic-ai, so it receives no informational support. This guide is on its topic.",high
/blog/cloud-data-warehouses-compared-snowflake-vs-bigquery-vs-redshift,/blog/bigquery-vs-snowflake-vs-redshift-a-comparison,BigQuery vs Snowflake vs Redshift: A Comparison,same-comparison: both compare bigquery and redshift || snowflake. Points readers (and the query) at the page that should own it.,high
/blog/cloud-sql-vs-spanner-vs-bigtable-when-to-use-each,/courses/sql-server,SQL Server classes at GloryTecks,"No blog category maps to /courses/sql-server, so it receives no informational support. This comparison is on its topic.",high
/blog/data-engineering-vs-data-science-roles-compared,/compare/data-engineering-vs-data-science,full Data Engineering vs Data Science comparison,same-comparison: both compare data engineering and data science. Points readers (and the query) at the page that should own it.,high
/blog/data-science-vs-data-analytics-which-career-is-right-for-you,/compare/data-science-vs-data-analytics,full Data Science vs Data Analytics comparison,same-comparison: both compare data analytics and data science. Points readers (and the query) at the page that should own it.,high
/blog/excel-vs-power-bi-which-should-you-learn-first,/compare/power-bi-vs-excel,full Power BI vs Excel comparison,same-comparison: both compare excel and power bi. Points readers (and the query) at the page that should own it.,high
/blog/langgraph-tutorial-building-stateful-ai-agents,/courses/agentic-ai,structured Agentic AI training,"No blog category maps to /courses/agentic-ai, so it receives no informational support. This guide is on its topic.",high
/blog/pipeline-orchestration-airflow-vs-prefect-vs-dagster,/blog/orchestration-airflow-vs-dagster-vs-prefect,Orchestration: Airflow vs Dagster vs Prefect,same-comparison: both compare airflow and dagster || prefect. Points readers (and the query) at the page that should own it.,high
/blog/power-bi-interview-questions-with-detailed-answers,/blog/power-bi-interview-questions-top-40-with-answers,Power BI Interview Questions: Top 40 with Answers,"same-subject: both answer the interview query for ""power bi"". Points readers (and the query) at the page that should own it.",high
/blog/power-bi-vs-excel-when-to-use-each-tool,/compare/power-bi-vs-excel,full Power BI vs Excel comparison,same-comparison: both compare excel and power bi. Points readers (and the query) at the page that should own it.,high
/blog/power-bi-vs-tableau-a-detailed-2026-comparison,/compare/power-bi-vs-tableau,full Power BI vs Tableau comparison,same-comparison: both compare power bi and tableau. Points readers (and the query) at the page that should own it.,high
/blog/redshift-vs-snowflake-vs-bigquery-a-comparison,/blog/bigquery-vs-snowflake-vs-redshift-a-comparison,BigQuery vs Snowflake vs Redshift: A Comparison,same-comparison: both compare bigquery and redshift || snowflake. Points readers (and the query) at the page that should own it.,high
/blog/sql-interview-questions-top-50-with-answers,/courses/sql-server,SQL Server course,"No blog category maps to /courses/sql-server, so it receives no informational support. This interview is on its topic.",high
/blog/sql-joins-interview-questions-explained,/courses/sql-server,structured SQL Server training,"No blog category maps to /courses/sql-server, so it receives no informational support. This interview is on its topic.",high
/blog/sql-query-optimization-interview-questions,/courses/sql-server,SQL Server course in Hyderabad,"No blog category maps to /courses/sql-server, so it receives no informational support. This interview is on its topic.",high
/blog/window-functions-sql-interview-questions,/courses/sql-server,the SQL Server curriculum,"No blog category maps to /courses/sql-server, so it receives no informational support. This interview is on its topic.",high
/contact,/training-in-hyderabad,our Ameerpet training centre,The LocalBusiness page receives only menu/footer links. Contact is where visitors look for directions.,high
/courses/agentic-ai,/blog/agentic-ai-roadmap-2026-from-prompts-to-autonomous-systems,Agentic AI Roadmap 2026: From Prompts to Autonomous Systems,The course page links to 0 articles today; this is a directly relevant roadmap.,high
/courses/agentic-ai,/blog/langgraph-tutorial-building-stateful-ai-agents,LangGraph Tutorial: Building Stateful AI Agents,The course page links to 0 articles today; this is a directly relevant guide.,high
/courses/agentic-ai,/blog/ai-agents-guide-how-autonomous-agents-actually-work,AI Agents Guide: How Autonomous Agents Actually Work,The course page links to 0 articles today; this is a directly relevant guide.,high
/courses/sql-server,/blog/sql-interview-questions-top-50-with-answers,SQL Interview Questions: Top 50 with Answers,The course page links to 0 articles today; this is a directly relevant interview.,high
/courses/sql-server,/blog/sql-joins-interview-questions-explained,SQL Joins Interview Questions Explained,The course page links to 0 articles today; this is a directly relevant interview.,high
/courses/sql-server,/blog/window-functions-sql-interview-questions,Window Functions SQL Interview Questions,The course page links to 0 articles today; this is a directly relevant interview.,high
/about,/training-in-hyderabad,visit the centre in Ameerpet,Entity page → the physical location it describes.,medium
/blog/* (sidebar course card),/courses/gen-ai,Generative AI course curriculum,"Replace the generic ""Explore course"" anchor used on every article in this cluster.",medium
/blog/* (sidebar course card),/courses/agentic-ai,Agentic AI course curriculum,"Replace the generic ""Explore course"" anchor used on every article in this cluster.",medium
/blog/* (sidebar course card),/courses/mlops,MLOps course curriculum,"Replace the generic ""Explore course"" anchor used on every article in this cluster.",medium
/blog/* (sidebar course card),/courses/data-science,Data Science course curriculum,"Replace the generic ""Explore course"" anchor used on every article in this cluster.",medium
/blog/* (sidebar course card),/courses/data-analytics,Data Analytics course curriculum,"Replace the generic ""Explore course"" anchor used on every article in this cluster.",medium
/blog/* (sidebar course card),/courses/power-bi,Power BI course curriculum,"Replace the generic ""Explore course"" anchor used on every article in this cluster.",medium
/blog/* (sidebar course card),/courses/python-programming,Python Programming course curriculum,"Replace the generic ""Explore course"" anchor used on every article in this cluster.",medium
/blog/* (sidebar course card),/courses/sql-server,SQL Server course curriculum,"Replace the generic ""Explore course"" anchor used on every article in this cluster.",medium
/blog/* (sidebar course card),/courses/data-engineering,Data Engineering course curriculum,"Replace the generic ""Explore course"" anchor used on every article in this cluster.",medium
/blog/* (sidebar CTA),/contact,Talk to us about the brochure,"""Download brochure"" currently points to /contact — the anchor promises a file the link does not deliver. Point it at /brochures/{course}/download or rename it.",medium
/blog/agentic-ai-roadmap-2026-from-prompts-to-autonomous-systems,/courses/agentic-ai,follow this roadmap in the Agentic AI course,"Body copy has no internal links (BLOG_CONTENT_AUDIT §4); the only course link is the sidebar card with the generic anchor ""Explore course"". One contextual sentence in the conclusion.",medium
/blog/aws-certification-path-for-data-roles,/courses/data-engineering,Data Engineering course that covers this syllabus,"Body copy has no internal links (BLOG_CONTENT_AUDIT §4); the only course link is the sidebar card with the generic anchor ""Explore course"". One contextual sentence in the conclusion.",medium
/blog/aws-certified-data-engineer-associate-exam-guide,/courses/data-engineering,Data Engineering course that covers this syllabus,"Body copy has no internal links (BLOG_CONTENT_AUDIT §4); the only course link is the sidebar card with the generic anchor ""Explore course"". One contextual sentence in the conclusion.",medium
/blog/aws-cloud-practitioner-certification-how-to-start,/courses/data-engineering,Data Engineering course that covers this syllabus,"Body copy has no internal links (BLOG_CONTENT_AUDIT §4); the only course link is the sidebar card with the generic anchor ""Explore course"". One contextual sentence in the conclusion.",medium
/blog/aws-data-engineer-salary-in-india-2026,/courses/data-engineering,Data Engineering training that prepares you for these roles,"Body copy has no internal links (BLOG_CONTENT_AUDIT §4); the only course link is the sidebar card with the generic anchor ""Explore course"". One contextual sentence in the conclusion.",medium
/blog/aws-data-engineering-projects-for-your-portfolio,/courses/data-engineering,the projects built in the Data Engineering course,"Body copy has no internal links (BLOG_CONTENT_AUDIT §4); the only course link is the sidebar card with the generic anchor ""Explore course"". One contextual sentence in the conclusion.",medium
/blog/aws-data-engineering-projects-for-your-portfolio,/blog/data-engineering-projects-for-your-portfolio,Data Engineering Projects for Your Portfolio,General version of this project topic — spoke → hub.,medium
/blog/aws-roadmap-2026-for-data-engineers,/courses/data-engineering,follow this roadmap in the Data Engineering course,"Body copy has no internal links (BLOG_CONTENT_AUDIT §4); the only course link is the sidebar card with the generic anchor ""Explore course"". One contextual sentence in the conclusion.",medium
/blog/azure-data-engineer-certification-dp-203-guide,/courses/data-engineering,Data Engineering course that covers this syllabus,"Body copy has no internal links (BLOG_CONTENT_AUDIT §4); the only course link is the sidebar card with the generic anchor ""Explore course"". One contextual sentence in the conclusion.",medium
/blog/azure-data-engineer-salary-in-hyderabad-2026,/courses/data-engineering,Data Engineering training that prepares you for these roles,"Body copy has no internal links (BLOG_CONTENT_AUDIT §4); the only course link is the sidebar card with the generic anchor ""Explore course"". One contextual sentence in the conclusion.",medium
/blog/azure-data-engineer-salary-in-hyderabad-2026,/blog/data-engineer-salary-in-hyderabad-2026,Data Engineer Salary in Hyderabad 2026,General version of this salary topic — spoke → hub.,medium
/blog/azure-data-engineering-projects-for-your-portfolio,/courses/data-engineering,the projects built in the Data Engineering course,"Body copy has no internal links (BLOG_CONTENT_AUDIT §4); the only course link is the sidebar card with the generic anchor ""Explore course"". One contextual sentence in the conclusion.",medium
/blog/azure-data-engineering-projects-for-your-portfolio,/blog/data-engineering-projects-for-your-portfolio,Data Engineering Projects for Your Portfolio,General version of this project topic — spoke → hub.,medium
/blog/azure-data-factory-roadmap-2026-a-complete-guide,/courses/data-engineering,follow this roadmap in the Data Engineering course,"Body copy has no internal links (BLOG_CONTENT_AUDIT §4); the only course link is the sidebar card with the generic anchor ""Explore course"". One contextual sentence in the conclusion.",medium
/blog/azure-fundamentals-az-900-a-quick-start-guide,/courses/data-engineering,Data Engineering course that covers this syllabus,"Body copy has no internal links (BLOG_CONTENT_AUDIT §4); the only course link is the sidebar card with the generic anchor ""Explore course"". One contextual sentence in the conclusion.",medium
/blog/building-a-sales-dashboard-a-hands-on-project,/courses/data-analytics,the projects built in the Data Analytics course,"Body copy has no internal links (BLOG_CONTENT_AUDIT §4); the only course link is the sidebar card with the generic anchor ""Explore course"". One contextual sentence in the conclusion.",medium
/blog/career-roadmap-analyst-to-scientist-to-lead,/courses/data-science,follow this roadmap in the Data Science course,"Body copy has no internal links (BLOG_CONTENT_AUDIT §4); the only course link is the sidebar card with the generic anchor ""Explore course"". One contextual sentence in the conclusion.",medium
/blog/career-switch-to-data-science-a-realistic-roadmap,/courses/data-science,follow this roadmap in the Data Science course,"Body copy has no internal links (BLOG_CONTENT_AUDIT §4); the only course link is the sidebar card with the generic anchor ""Explore course"". One contextual sentence in the conclusion.",medium
/blog/data-analyst-roadmap-2026-skills-tools-and-timeline,/courses/data-analytics,follow this roadmap in the Data Analytics course,"Body copy has no internal links (BLOG_CONTENT_AUDIT §4); the only course link is the sidebar card with the generic anchor ""Explore course"". One contextual sentence in the conclusion.",medium
/blog/data-analyst-salary-in-hyderabad-2026,/courses/data-analytics,Data Analytics training that prepares you for these roles,"Body copy has no internal links (BLOG_CONTENT_AUDIT §4); the only course link is the sidebar card with the generic anchor ""Explore course"". One contextual sentence in the conclusion.",medium
/blog/data-analytics-projects-for-your-resume,/courses/data-analytics,the projects built in the Data Analytics course,"Body copy has no internal links (BLOG_CONTENT_AUDIT §4); the only course link is the sidebar card with the generic anchor ""Explore course"". One contextual sentence in the conclusion.",medium
/blog/data-analytics-roadmap-for-non-tech-backgrounds,/courses/data-analytics,follow this roadmap in the Data Analytics course,"Body copy has no internal links (BLOG_CONTENT_AUDIT §4); the only course link is the sidebar card with the generic anchor ""Explore course"". One contextual sentence in the conclusion.",medium
/blog/data-engineer-salary-in-hyderabad-2026,/courses/data-engineering,Data Engineering training that prepares you for these roles,"Body copy has no internal links (BLOG_CONTENT_AUDIT §4); the only course link is the sidebar card with the generic anchor ""Explore course"". One contextual sentence in the conclusion.",medium
/blog/data-engineer-salary-in-hyderabad-2026,/blog/azure-data-engineer-salary-in-hyderabad-2026,Azure Data Engineer Salary in Hyderabad 2026,Platform-specific version of the same salary topic — hub → spoke.,medium
/blog/data-engineering-projects-for-your-portfolio,/courses/data-engineering,the projects built in the Data Engineering course,"Body copy has no internal links (BLOG_CONTENT_AUDIT §4); the only course link is the sidebar card with the generic anchor ""Explore course"". One contextual sentence in the conclusion.",medium
/blog/data-engineering-projects-for-your-portfolio,/blog/gcp-data-engineering-projects-for-your-portfolio,GCP Data Engineering Projects for Your Portfolio,Platform-specific version of the same project topic — hub → spoke.,medium
/blog/data-engineering-projects-for-your-portfolio,/blog/aws-data-engineering-projects-for-your-portfolio,AWS Data Engineering Projects for Your Portfolio,Platform-specific version of the same project topic — hub → spoke.,medium
/blog/data-engineering-projects-for-your-portfolio,/blog/azure-data-engineering-projects-for-your-portfolio,Azure Data Engineering Projects for Your Portfolio,Platform-specific version of the same project topic — hub → spoke.,medium
/blog/data-engineering-roadmap-2026-a-complete-guide,/courses/data-engineering,follow this roadmap in the Data Engineering course,"Body copy has no internal links (BLOG_CONTENT_AUDIT §4); the only course link is the sidebar card with the generic anchor ""Explore course"". One contextual sentence in the conclusion.",medium
/blog/data-engineering-roadmap-2026-a-complete-guide,/blog/how-to-become-an-azure-data-engineer-in-2026,How to Become an Azure Data Engineer in 2026,Platform-specific version of the same career topic — hub → spoke.,medium
/blog/data-science-projects-for-freshers-12-ideas-with-datasets,/courses/data-science,the projects built in the Data Science course,"Body copy has no internal links (BLOG_CONTENT_AUDIT §4); the only course link is the sidebar card with the generic anchor ""Explore course"". One contextual sentence in the conclusion.",medium
/blog/data-science-roadmap-2026-a-complete-step-by-step-guide,/courses/data-science,follow this roadmap in the Data Science course,"Body copy has no internal links (BLOG_CONTENT_AUDIT §4); the only course link is the sidebar card with the generic anchor ""Explore course"". One contextual sentence in the conclusion.",medium
/blog/data-scientist-salary-in-hyderabad-2026-freshers-to-senior,/courses/data-science,Data Science training that prepares you for these roles,"Body copy has no internal links (BLOG_CONTENT_AUDIT §4); the only course link is the sidebar card with the generic anchor ""Explore course"". One contextual sentence in the conclusion.",medium
/blog/end-to-end-machine-learning-project-a-complete-walkthrough,/courses/data-science,the projects built in the Data Science course,"Body copy has no internal links (BLOG_CONTENT_AUDIT §4); the only course link is the sidebar card with the generic anchor ""Explore course"". One contextual sentence in the conclusion.",medium
/blog/from-backend-developer-to-data-engineer-a-roadmap,/courses/data-engineering,follow this roadmap in the Data Engineering course,"Body copy has no internal links (BLOG_CONTENT_AUDIT §4); the only course link is the sidebar card with the generic anchor ""Explore course"". One contextual sentence in the conclusion.",medium
/blog/from-data-analyst-to-data-scientist-a-transition-roadmap,/courses/data-science,follow this roadmap in the Data Science course,"Body copy has no internal links (BLOG_CONTENT_AUDIT §4); the only course link is the sidebar card with the generic anchor ""Explore course"". One contextual sentence in the conclusion.",medium
/blog/from-data-scientist-to-mlops-engineer-a-roadmap,/courses/mlops,follow this roadmap in the MLOps course,"Body copy has no internal links (BLOG_CONTENT_AUDIT §4); the only course link is the sidebar card with the generic anchor ""Explore course"". One contextual sentence in the conclusion.",medium
/blog/from-power-bi-beginner-to-developer-a-career-roadmap,/courses/power-bi,follow this roadmap in the Power BI course,"Body copy has no internal links (BLOG_CONTENT_AUDIT §4); the only course link is the sidebar card with the generic anchor ""Explore course"". One contextual sentence in the conclusion.",medium
/blog/gcp-associate-cloud-engineer-certification-guide,/courses/data-engineering,Data Engineering course that covers this syllabus,"Body copy has no internal links (BLOG_CONTENT_AUDIT §4); the only course link is the sidebar card with the generic anchor ""Explore course"". One contextual sentence in the conclusion.",medium
/blog/gcp-certification-path-which-one-to-pick-first,/courses/data-engineering,Data Engineering course that covers this syllabus,"Body copy has no internal links (BLOG_CONTENT_AUDIT §4); the only course link is the sidebar card with the generic anchor ""Explore course"". One contextual sentence in the conclusion.",medium
/blog/gcp-data-engineer-salary-in-india-2026,/courses/data-engineering,Data Engineering training that prepares you for these roles,"Body copy has no internal links (BLOG_CONTENT_AUDIT §4); the only course link is the sidebar card with the generic anchor ""Explore course"". One contextual sentence in the conclusion.",medium
/blog/gcp-data-engineering-projects-for-your-portfolio,/courses/data-engineering,the projects built in the Data Engineering course,"Body copy has no internal links (BLOG_CONTENT_AUDIT §4); the only course link is the sidebar card with the generic anchor ""Explore course"". One contextual sentence in the conclusion.",medium
/blog/gcp-data-engineering-projects-for-your-portfolio,/blog/data-engineering-projects-for-your-portfolio,Data Engineering Projects for Your Portfolio,General version of this project topic — spoke → hub.,medium
/blog/gcp-professional-data-engineer-certification-guide,/courses/data-engineering,Data Engineering course that covers this syllabus,"Body copy has no internal links (BLOG_CONTENT_AUDIT §4); the only course link is the sidebar card with the generic anchor ""Explore course"". One contextual sentence in the conclusion.",medium
/blog/gcp-roadmap-2026-for-data-engineers,/courses/data-engineering,follow this roadmap in the Data Engineering course,"Body copy has no internal links (BLOG_CONTENT_AUDIT §4); the only course link is the sidebar card with the generic anchor ""Explore course"". One contextual sentence in the conclusion.",medium
/blog/generative-ai-salary-in-india-2026-roles-and-pay,/courses/gen-ai,Generative AI training that prepares you for these roles,"Body copy has no internal links (BLOG_CONTENT_AUDIT §4); the only course link is the sidebar card with the generic anchor ""Explore course"". One contextual sentence in the conclusion.",medium
/blog/how-to-become-a-data-engineer-in-2026,/blog/how-to-become-an-azure-data-engineer-in-2026,How to Become an Azure Data Engineer in 2026,Platform-specific version of the same career topic — hub → spoke.,medium
/blog/how-to-become-an-azure-data-engineer-in-2026,/blog/data-engineering-roadmap-2026-a-complete-guide,Data Engineering Roadmap 2026: A Complete Guide,General version of this career topic — spoke → hub.,medium
/blog/how-to-become-an-azure-data-engineer-in-2026,/blog/how-to-become-a-data-engineer-in-2026,How to Become a Data Engineer in 2026,General version of this career topic — spoke → hub.,medium
/blog/how-to-structure-a-python-project-the-right-way,/courses/python-programming,the projects built in the Python Programming course,"Body copy has no internal links (BLOG_CONTENT_AUDIT §4); the only course link is the sidebar card with the generic anchor ""Explore course"". One contextual sentence in the conclusion.",medium
/blog/learn-python-from-scratch-a-complete-2026-roadmap,/courses/python-programming,follow this roadmap in the Python Programming course,"Body copy has no internal links (BLOG_CONTENT_AUDIT §4); the only course link is the sidebar card with the generic anchor ""Explore course"". One contextual sentence in the conclusion.",medium
/blog/machine-learning-roadmap-for-beginners-in-2026,/courses/data-science,follow this roadmap in the Data Science course,"Body copy has no internal links (BLOG_CONTENT_AUDIT §4); the only course link is the sidebar card with the generic anchor ""Explore course"". One contextual sentence in the conclusion.",medium
/blog/mlops-engineer-salary-in-india-2026,/courses/mlops,MLOps training that prepares you for these roles,"Body copy has no internal links (BLOG_CONTENT_AUDIT §4); the only course link is the sidebar card with the generic anchor ""Explore course"". One contextual sentence in the conclusion.",medium
/blog/mlops-roadmap-2026-skills-tools-and-career-path,/courses/mlops,follow this roadmap in the MLOps course,"Body copy has no internal links (BLOG_CONTENT_AUDIT §4); the only course link is the sidebar card with the generic anchor ""Explore course"". One contextual sentence in the conclusion.",medium
/blog/natural-language-processing-nlp-roadmap-for-2026,/courses/data-science,follow this roadmap in the Data Science course,"Body copy has no internal links (BLOG_CONTENT_AUDIT §4); the only course link is the sidebar card with the generic anchor ""Explore course"". One contextual sentence in the conclusion.",medium
/blog/personal-projects-that-double-as-interview-stories,/courses/data-science,the projects built in the Data Science course,"Body copy has no internal links (BLOG_CONTENT_AUDIT §4); the only course link is the sidebar card with the generic anchor ""Explore course"". One contextual sentence in the conclusion.",medium
/blog/portfolio-building-projects-that-impress-recruiters,/courses/data-science,the projects built in the Data Science course,"Body copy has no internal links (BLOG_CONTENT_AUDIT §4); the only course link is the sidebar card with the generic anchor ""Explore course"". One contextual sentence in the conclusion.",medium
/blog/power-bi-certification-pl-300-how-to-prepare,/courses/power-bi,Power BI course that covers this syllabus,"Body copy has no internal links (BLOG_CONTENT_AUDIT §4); the only course link is the sidebar card with the generic anchor ""Explore course"". One contextual sentence in the conclusion.",medium
/blog/power-bi-developer-salary-in-hyderabad-2026,/courses/power-bi,Power BI training that prepares you for these roles,"Body copy has no internal links (BLOG_CONTENT_AUDIT §4); the only course link is the sidebar card with the generic anchor ""Explore course"". One contextual sentence in the conclusion.",medium
/blog/power-bi-projects-to-build-for-your-portfolio,/courses/power-bi,the projects built in the Power BI course,"Body copy has no internal links (BLOG_CONTENT_AUDIT §4); the only course link is the sidebar card with the generic anchor ""Explore course"". One contextual sentence in the conclusion.",medium
/blog/power-bi-roadmap-2026-from-beginner-to-job-ready,/courses/power-bi,follow this roadmap in the Power BI course,"Body copy has no internal links (BLOG_CONTENT_AUDIT §4); the only course link is the sidebar card with the generic anchor ""Explore course"". One contextual sentence in the conclusion.",medium
/blog/python-for-automation-a-real-world-project-guide,/courses/python-programming,the projects built in the Python Programming course,"Body copy has no internal links (BLOG_CONTENT_AUDIT §4); the only course link is the sidebar card with the generic anchor ""Explore course"". One contextual sentence in the conclusion.",medium
/blog/python-logging-a-practical-setup-for-real-projects,/courses/python-programming,the projects built in the Python Programming course,"Body copy has no internal links (BLOG_CONTENT_AUDIT §4); the only course link is the sidebar card with the generic anchor ""Explore course"". One contextual sentence in the conclusion.",medium
/blog/python-mini-projects-to-build-in-a-weekend,/courses/python-programming,the projects built in the Python Programming course,"Body copy has no internal links (BLOG_CONTENT_AUDIT §4); the only course link is the sidebar card with the generic anchor ""Explore course"". One contextual sentence in the conclusion.",medium
/blog/python-projects-for-beginners-15-ideas-to-build,/courses/python-programming,the projects built in the Python Programming course,"Body copy has no internal links (BLOG_CONTENT_AUDIT §4); the only course link is the sidebar card with the generic anchor ""Explore course"". One contextual sentence in the conclusion.",medium
/blog/python-salary-in-india-2026-roles-and-expectations,/courses/python-programming,Python Programming training that prepares you for these roles,"Body copy has no internal links (BLOG_CONTENT_AUDIT §4); the only course link is the sidebar card with the generic anchor ""Explore course"". One contextual sentence in the conclusion.",medium
/blog/salary-negotiation-how-to-get-paid-what-you-re-worth,/courses/data-science,Data Science training that prepares you for these roles,"Body copy has no internal links (BLOG_CONTENT_AUDIT §4); the only course link is the sidebar card with the generic anchor ""Explore course"". One contextual sentence in the conclusion.",medium
/blog/top-generative-ai-projects-to-build-for-your-portfolio,/courses/gen-ai,the projects built in the Generative AI course,"Body copy has no internal links (BLOG_CONTENT_AUDIT §4); the only course link is the sidebar card with the generic anchor ""Explore course"". One contextual sentence in the conclusion.",medium
/courses,/compare,compare courses and tools side by side,/compare is reached only from the footer; the course catalogue is where the decision is made.,medium
/courses,/resources,free learning resources for enrolled students,/resources is linked only from its own five child pages.,medium
/courses/data-analytics,/blog/category/data-analytics,Data Analytics guides and tutorials,Course pages link to 4 articles but never to their topic hub.,medium
/courses/data-engineering,/blog/category/data-engineering,Data Engineering guides and tutorials,Course pages link to 4 articles but never to their topic hub.,medium
/courses/data-engineering,/blog/gcp-roadmap-2026-for-data-engineers,GCP Roadmap 2026 for Data Engineers,Only the first supporting category's pillars are linked; GCP supports this course too.,medium
/courses/data-engineering,/blog/azure-data-factory-roadmap-2026-a-complete-guide,Azure Data Factory Roadmap 2026: A Complete Guide,Only the first supporting category's pillars are linked; Azure Data Factory supports this course too.,medium
/courses/data-engineering,/blog/aws-roadmap-2026-for-data-engineers,AWS Roadmap 2026 for Data Engineers,Only the first supporting category's pillars are linked; AWS supports this course too.,medium
/courses/data-science,/blog/category/data-science,Data Science guides and tutorials,Course pages link to 4 articles but never to their topic hub.,medium
/courses/data-science,/blog/career-switch-to-data-science-a-realistic-roadmap,Career Switch to Data Science: A Realistic Roadmap,Only the first supporting category's pillars are linked; Career Guidance supports this course too.,medium
/courses/data-science,/blog/sql-interview-questions-top-50-with-answers,SQL Interview Questions: Top 50 with Answers,Only the first supporting category's pillars are linked; Interview Questions supports this course too.,medium
/courses/gen-ai,/blog/category/generative-ai,Generative AI guides and tutorials,Course pages link to 4 articles but never to their topic hub.,medium
/courses/mlops,/blog/category/mlops,MLOps guides and tutorials,Course pages link to 4 articles but never to their topic hub.,medium
/courses/power-bi,/blog/category/power-bi,Power BI guides and tutorials,Course pages link to 4 articles but never to their topic hub.,medium
/courses/python-programming,/blog/category/python,Python guides and tutorials,Course pages link to 4 articles but never to their topic hub.,medium
/data-analytics-course-ameerpet,/training-in-hyderabad,the Ameerpet centre,"Course × Ameerpet landing → the centre it is taught at (contextual, not just breadcrumb).",medium
/data-science-course-ameerpet,/training-in-hyderabad,the Ameerpet centre,"Course × Ameerpet landing → the centre it is taught at (contextual, not just breadcrumb).",medium
/generative-ai-course-ameerpet,/training-in-hyderabad,the Ameerpet centre,"Course × Ameerpet landing → the centre it is taught at (contextual, not just breadcrumb).",medium
/mlops-course-ameerpet,/training-in-hyderabad,the Ameerpet centre,"Course × Ameerpet landing → the centre it is taught at (contextual, not just breadcrumb).",medium
/power-bi-course-ameerpet,/training-in-hyderabad,the Ameerpet centre,"Course × Ameerpet landing → the centre it is taught at (contextual, not just breadcrumb).",medium
/python-course-ameerpet,/training-in-hyderabad,the Ameerpet centre,"Course × Ameerpet landing → the centre it is taught at (contextual, not just breadcrumb).",medium
/ (course cards),/courses/{slug},{Course} course details,"""View details"" is identical on six course cards.",low
/about,/entities,the GloryTecks group of brands,/entities has no contextual inbound link.,low
/blog/adf-vs-databricks-when-to-use-each,/blog/adf-vs-ssis-migrating-legacy-etl-to-the-cloud,ADF vs SSIS: Migrating Legacy ETL to the Cloud,No editorial inbound link (only prev/next and deep archive pages). Closest related article in azure-data-factory (2 shared tags).,low
/blog/apache-kafka-explained-streaming-data-basics,/blog/kafka-vs-rabbitmq-vs-pulsar-a-comparison,Kafka vs RabbitMQ vs Pulsar: A Comparison,No editorial inbound link (only prev/next and deep archive pages). Closest related article in data-engineering (2 shared tags).,low
/blog/apache-spark-explained-for-beginners,/blog/spark-vs-hadoop-what-changed-and-why,Spark vs Hadoop: What Changed and Why,No editorial inbound link (only prev/next and deep archive pages). Closest related article in data-engineering (2 shared tags).,low
/blog/apache-spark-interview-questions-and-answers,/blog/spark-performance-interview-questions,Spark Performance Interview Questions,No editorial inbound link (only prev/next and deep archive pages). Closest related article in interview-questions (4 shared tags).,low
/blog/athena-vs-redshift-when-to-use-each,/blog/redshift-vs-snowflake-vs-bigquery-a-comparison,Redshift vs Snowflake vs BigQuery: A Comparison,No editorial inbound link (only prev/next and deep archive pages). Closest related article in aws (2 shared tags).,low
/blog/aws-certification-path-for-data-roles,/blog/aws-cloud-practitioner-certification-how-to-start,AWS Cloud Practitioner Certification: How to Start,No editorial inbound link (only prev/next and deep archive pages). Closest related article in aws (2 shared tags).,low
/blog/aws-certified-data-engineer-associate-exam-guide,/blog/aws-data-engineer-salary-in-india-2026,AWS Data Engineer Salary in India 2026,No editorial inbound link (only prev/next and deep archive pages). Closest related article in aws (3 shared tags).,low
/blog/aws-glue-vs-emr-vs-lambda-for-etl,/blog/glue-workflows-vs-step-functions-for-orchestration,Glue Workflows vs Step Functions for Orchestration,No editorial inbound link (only prev/next and deep archive pages). Closest related article in aws (2 shared tags).,low
/blog/aws-roadmap-2026-for-data-engineers,/blog/aws-data-engineering-projects-for-your-portfolio,AWS Data Engineering Projects for Your Portfolio,No editorial inbound link (only prev/next and deep archive pages). Closest related article in aws (2 shared tags).,low
/blog/aws-roadmap-2026-for-data-engineers,/blog/aws-certification-path-for-data-roles,AWS Certification Path for Data Roles,No editorial inbound link (only prev/next and deep archive pages). Closest related article in aws (2 shared tags).,low
/blog/azure-data-engineer-certification-dp-203-guide,/blog/azure-data-engineer-salary-in-hyderabad-2026,Azure Data Engineer Salary in Hyderabad 2026,No editorial inbound link (only prev/next and deep archive pages). Closest related article in azure-data-factory (4 shared tags).,low
/blog/azure-data-factory-roadmap-2026-a-complete-guide,/blog/azure-synapse-vs-azure-data-factory-a-comparison,Azure Synapse vs Azure Data Factory: A Comparison,No editorial inbound link (only prev/next and deep archive pages). Closest related article in azure-data-factory (4 shared tags).,low
/blog/azure-data-factory-roadmap-2026-a-complete-guide,/blog/azure-data-factory-interview-questions-and-answers,Azure Data Factory Interview Questions and Answers,No editorial inbound link (only prev/next and deep archive pages). Closest related article in azure-data-factory (4 shared tags).,low
/blog/azure-data-factory-roadmap-2026-a-complete-guide,/blog/azure-fundamentals-az-900-a-quick-start-guide,Azure Fundamentals (AZ-900): A Quick-Start Guide,No editorial inbound link (only prev/next and deep archive pages). Closest related article in azure-data-factory (2 shared tags).,low
/blog/azure-data-factory-roadmap-2026-a-complete-guide,/blog/microsoft-fabric-vs-azure-data-factory-what-s-new,Microsoft Fabric vs Azure Data Factory: What's New,No editorial inbound link (only prev/next and deep archive pages). Closest related article in azure-data-factory (3 shared tags).,low
/blog/azure-data-factory-roadmap-2026-a-complete-guide,/blog/azure-data-engineering-projects-for-your-portfolio,Azure Data Engineering Projects for Your Portfolio,No editorial inbound link (only prev/next and deep archive pages). Closest related article in azure-data-factory (3 shared tags).,low
/blog/azure-interview-questions-for-data-engineers,/blog/azure-data-factory-adf-interview-questions,Azure Data Factory (ADF) Interview Questions,No editorial inbound link (only prev/next and deep archive pages). Closest related article in interview-questions (3 shared tags).,low
/blog/azure-synapse-vs-azure-data-factory-a-comparison,/blog/azure-synapse-pipelines-vs-standalone-adf,Azure Synapse Pipelines vs Standalone ADF,No editorial inbound link (only prev/next and deep archive pages). Closest related article in azure-data-factory (3 shared tags).,low
/blog/bigquery-vs-snowflake-vs-redshift-a-comparison,/blog/dataform-vs-dbt-on-gcp-a-comparison,Dataform vs dbt on GCP: A Comparison,No editorial inbound link (only prev/next and deep archive pages). Closest related article in gcp (2 shared tags).,low
/blog/building-an-end-to-end-mlops-pipeline,/blog/pipeline-orchestration-airflow-vs-prefect-vs-dagster,Pipeline Orchestration: Airflow vs Prefect vs Dagster,No editorial inbound link (only prev/next and deep archive pages). Closest related article in mlops (2 shared tags).,low
/blog/building-your-first-interactive-dashboard,/blog/building-a-sales-dashboard-a-hands-on-project,Building a Sales Dashboard: A Hands-On Project,No editorial inbound link (only prev/next and deep archive pages). Closest related article in data-analytics (3 shared tags).,low
/blog/career-switch-to-data-science-a-realistic-roadmap,/blog/upskilling-vs-reskilling-which-path-fits-you,Upskilling vs Reskilling: Which Path Fits You?,No editorial inbound link (only prev/next and deep archive pages). Closest related article in career-guidance (1 shared tags).,low
/blog/career-switch-to-data-science-a-realistic-roadmap,/blog/career-roadmap-analyst-to-scientist-to-lead,Career Roadmap: Analyst to Scientist to Lead,No editorial inbound link (only prev/next and deep archive pages). Closest related article in career-guidance (2 shared tags).,low
/blog/career-switch-to-data-science-a-realistic-roadmap,/blog/career-growth-when-to-stay-vs-when-to-switch,Career Growth: When to Stay vs When to Switch,No editorial inbound link (only prev/next and deep archive pages). Closest related article in career-guidance (2 shared tags).,low
/blog/cloud-functions-on-gcp-serverless-explained,/blog/cloud-run-vs-cloud-functions-vs-app-engine,Cloud Run vs Cloud Functions vs App Engine,No editorial inbound link (only prev/next and deep archive pages). Closest related article in gcp (3 shared tags).,low
/blog/data-analyst-interview-questions-and-answers,/blog/pandas-interview-questions-every-analyst-should-know,Pandas Interview Questions Every Analyst Should Know,No editorial inbound link (only prev/next and deep archive pages). Closest related article in interview-questions (4 shared tags).,low
/blog/data-analyst-roadmap-2026-skills-tools-and-timeline,/blog/data-analyst-vs-business-analyst-key-differences,Data Analyst vs Business Analyst: Key Differences,No editorial inbound link (only prev/next and deep archive pages). Closest related article in data-analytics (3 shared tags).,low
/blog/data-analyst-roadmap-2026-skills-tools-and-timeline,/blog/data-analytics-roadmap-for-non-tech-backgrounds,Data Analytics Roadmap for Non-Tech Backgrounds,No editorial inbound link (only prev/next and deep archive pages). Closest related article in data-analytics (3 shared tags).,low
/blog/data-analytics-roadmap-for-non-tech-backgrounds,/blog/data-analytics-projects-for-your-resume,Data Analytics Projects for Your Resume,No editorial inbound link (only prev/next and deep archive pages). Closest related article in data-analytics (3 shared tags).,low
/blog/data-engineer-salary-in-hyderabad-2026,/blog/from-backend-developer-to-data-engineer-a-roadmap,From Backend Developer to Data Engineer: A Roadmap,No editorial inbound link (only prev/next and deep archive pages). Closest related article in data-engineering (3 shared tags).,low
/blog/data-engineering-interview-questions-and-answers,/blog/feature-engineering-interview-questions,Feature Engineering Interview Questions,No editorial inbound link (only prev/next and deep archive pages). Closest related article in interview-questions (4 shared tags).,low
/blog/data-engineering-roadmap-2026-a-complete-guide,/blog/data-engineering-vs-data-science-roles-compared,Data Engineering vs Data Science: Roles Compared,No editorial inbound link (only prev/next and deep archive pages). Closest related article in data-engineering (3 shared tags).,low
/blog/data-engineering-roadmap-2026-a-complete-guide,/blog/oltp-vs-olap-transactional-vs-analytical-systems,OLTP vs OLAP: Transactional vs Analytical Systems,No editorial inbound link (only prev/next and deep archive pages). Closest related article in data-engineering (1 shared tags).,low
/blog/data-engineering-roadmap-2026-a-complete-guide,/blog/data-engineering-projects-for-your-portfolio,Data Engineering Projects for Your Portfolio,No editorial inbound link (only prev/next and deep archive pages). Closest related article in data-engineering (3 shared tags).,low
/blog/data-engineering-roadmap-2026-a-complete-guide,/blog/parquet-vs-orc-vs-avro-file-formats-compared,Parquet vs ORC vs Avro: File Formats Compared,No editorial inbound link (only prev/next and deep archive pages). Closest related article in data-engineering (1 shared tags).,low
/blog/data-modeling-in-power-bi-star-schema-explained,/blog/star-schema-vs-snowflake-schema-in-power-bi,Star Schema vs Snowflake Schema in Power BI,No editorial inbound link (only prev/next and deep archive pages). Closest related article in power-bi (3 shared tags).,low
/blog/data-science-roadmap-2026-a-complete-step-by-step-guide,/blog/natural-language-processing-nlp-roadmap-for-2026,Natural Language Processing (NLP) Roadmap for 2026,No editorial inbound link (only prev/next and deep archive pages). Closest related article in data-science (1 shared tags).,low
/blog/data-science-roadmap-2026-a-complete-step-by-step-guide,/blog/regression-vs-classification-when-to-use-each,Regression vs Classification: When to Use Each,No editorial inbound link (only prev/next and deep archive pages). Closest related article in data-science (1 shared tags).,low
/blog/data-scientist-salary-in-hyderabad-2026-freshers-to-senior,/blog/from-data-analyst-to-data-scientist-a-transition-roadmap,From Data Analyst to Data Scientist: A Transition Roadmap,No editorial inbound link (only prev/next and deep archive pages). Closest related article in data-science (3 shared tags).,low
/blog/data-warehouse-explained-concepts-and-architecture,/blog/lambda-vs-kappa-architecture-explained,Lambda vs Kappa Architecture Explained,No editorial inbound link (only prev/next and deep archive pages). Closest related article in data-engineering (2 shared tags).,low
/blog/dataform-vs-dbt-on-gcp-a-comparison,/blog/bigquery-vs-snowflake-vs-redshift-a-comparison,BigQuery vs Snowflake vs Redshift: A Comparison,No editorial inbound link (only prev/next and deep archive pages). Closest related article in gcp (2 shared tags).,low
/blog/dataproc-vs-dataflow-which-to-choose,/blog/gcp-certification-path-which-one-to-pick-first,GCP Certification Path: Which One to Pick First,No editorial inbound link (only prev/next and deep archive pages). Closest related article in gcp (2 shared tags).,low
/blog/dax-guide-measures-calculated-columns-and-context,/blog/creating-calculated-columns-vs-measures-in-power-bi,Creating Calculated Columns vs Measures in Power BI,No editorial inbound link (only prev/next and deep archive pages). Closest related article in power-bi (4 shared tags).,low
/blog/delta-lake-explained-reliable-lakes-with-acid,/blog/apache-iceberg-vs-delta-lake-vs-hudi,Apache Iceberg vs Delta Lake vs Hudi,No editorial inbound link (only prev/next and deep archive pages). Closest related article in data-engineering (3 shared tags).,low
/blog/etl-vs-elt-differences-and-when-to-use-each,/blog/pyspark-vs-pandas-when-to-use-which,PySpark vs Pandas: When to Use Which,No editorial inbound link (only prev/next and deep archive pages). Closest related article in data-engineering (2 shared tags).,low
/blog/excel-vs-power-bi-which-should-you-learn-first,/blog/power-bi-vs-tableau-vs-looker-a-2026-comparison,Power BI vs Tableau vs Looker: A 2026 Comparison,No editorial inbound link (only prev/next and deep archive pages). Closest related article in data-analytics (2 shared tags).,low
/blog/fastapi-guide-build-a-production-api-step-by-step,/blog/flask-vs-fastapi-vs-django-which-to-choose-in-2026,Flask vs FastAPI vs Django: Which to Choose in 2026,No editorial inbound link (only prev/next and deep archive pages). Closest related article in python (2 shared tags).,low
/blog/fine-tuning-vs-rag-which-should-you-choose,/blog/llamaindex-vs-langchain-which-framework-to-pick,LlamaIndex vs LangChain: Which Framework to Pick,No editorial inbound link (only prev/next and deep archive pages). Closest related article in generative-ai (2 shared tags).,low
/blog/from-backend-developer-to-data-engineer-a-roadmap,/blog/data-engineer-salary-in-hyderabad-2026,Data Engineer Salary in Hyderabad 2026,No editorial inbound link (only prev/next and deep archive pages). Closest related article in data-engineering (3 shared tags).,low
/blog/from-data-scientist-to-mlops-engineer-a-roadmap,/blog/mlops-engineer-salary-in-india-2026,MLOps Engineer Salary in India 2026,No editorial inbound link (only prev/next and deep archive pages). Closest related article in mlops (2 shared tags).,low
/blog/from-power-bi-beginner-to-developer-a-career-roadmap,/blog/power-bi-developer-salary-in-hyderabad-2026,Power BI Developer Salary in Hyderabad 2026,No editorial inbound link (only prev/next and deep archive pages). Closest related article in power-bi (3 shared tags).,low
/blog/gcp-associate-cloud-engineer-certification-guide,/blog/cloud-sql-vs-spanner-vs-bigtable-when-to-use-each,Cloud SQL vs Spanner vs Bigtable: When to Use Each,No editorial inbound link (only prev/next and deep archive pages). Closest related article in gcp (2 shared tags).,low
/blog/gcp-professional-data-engineer-certification-guide,/blog/gcp-associate-cloud-engineer-certification-guide,GCP Associate Cloud Engineer Certification Guide,No editorial inbound link (only prev/next and deep archive pages). Closest related article in gcp (2 shared tags).,low
/blog/gcp-professional-data-engineer-certification-guide,/blog/gcp-data-engineer-salary-in-india-2026,GCP Data Engineer Salary in India 2026,No editorial inbound link (only prev/next and deep archive pages). Closest related article in gcp (3 shared tags).,low
/blog/gcp-roadmap-2026-for-data-engineers,/blog/gcp-vs-aws-vs-azure-for-data-engineering,GCP vs AWS vs Azure for Data Engineering,No editorial inbound link (only prev/next and deep archive pages). Closest related article in gcp (2 shared tags).,low
/blog/gcp-roadmap-2026-for-data-engineers,/blog/gcp-data-engineering-projects-for-your-portfolio,GCP Data Engineering Projects for Your Portfolio,No editorial inbound link (only prev/next and deep archive pages). Closest related article in gcp (2 shared tags).,low
/blog/how-large-language-models-llms-work-under-the-hood,/blog/open-source-llms-vs-closed-models-a-2026-comparison,Open-Source LLMs vs Closed Models: A 2026 Comparison,No editorial inbound link (only prev/next and deep archive pages). Closest related article in generative-ai (2 shared tags).,low
/blog/how-to-get-recruiters-to-notice-your-profile,/blog/internships-vs-certifications-what-recruiters-value,Internships vs Certifications: What Recruiters Value,No editorial inbound link (only prev/next and deep archive pages). Closest related article in career-guidance (2 shared tags).,low
/blog/how-transformers-changed-ai-attention-explained,/blog/semantic-search-vs-keyword-search-what-changed-with-ai,Semantic Search vs Keyword Search: What Changed with AI,No editorial inbound link (only prev/next and deep archive pages). Closest related article in generative-ai (2 shared tags).,low
/blog/learn-python-from-scratch-a-complete-2026-roadmap,/blog/multithreading-vs-multiprocessing-in-python,Multithreading vs Multiprocessing in Python,No editorial inbound link (only prev/next and deep archive pages). Closest related article in python (1 shared tags).,low
/blog/learn-python-from-scratch-a-complete-2026-roadmap,/blog/how-to-structure-a-python-project-the-right-way,How to Structure a Python Project the Right Way,No editorial inbound link (only prev/next and deep archive pages). Closest related article in python (1 shared tags).,low
/blog/learn-python-from-scratch-a-complete-2026-roadmap,/blog/python-salary-in-india-2026-roles-and-expectations,Python Salary in India 2026: Roles and Expectations,No editorial inbound link (only prev/next and deep archive pages). Closest related article in python (1 shared tags).,low
/blog/linked-services-in-azure-data-factory-explained,/blog/datasets-vs-linked-services-vs-pipelines-in-adf,Datasets vs Linked Services vs Pipelines in ADF,No editorial inbound link (only prev/next and deep archive pages). Closest related article in azure-data-factory (3 shared tags).,low
/blog/machine-learning-interview-questions-concepts-and-answers,/blog/deep-learning-interview-questions-and-answers,Deep Learning Interview Questions and Answers,No editorial inbound link (only prev/next and deep archive pages). Closest related article in interview-questions (4 shared tags).,low
/blog/machine-learning-roadmap-for-beginners-in-2026,/blog/end-to-end-machine-learning-project-a-complete-walkthrough,End-to-End Machine Learning Project: A Complete Walkthrough,No editorial inbound link (only prev/next and deep archive pages). Closest related article in data-science (3 shared tags).,low
/blog/mapping-data-flows-in-adf-transformations-without-code,/blog/wrangling-data-flows-vs-mapping-data-flows-in-adf,Wrangling Data Flows vs Mapping Data Flows in ADF,No editorial inbound link (only prev/next and deep archive pages). Closest related article in azure-data-factory (4 shared tags).,low
/blog/marketing-analytics-metrics-and-dashboards-that-matter,/blog/metrics-that-matter-vanity-vs-actionable-metrics,Metrics That Matter: Vanity vs Actionable Metrics,No editorial inbound link (only prev/next and deep archive pages). Closest related article in data-analytics (2 shared tags).,low
/blog/mlops-engineer-salary-in-india-2026,/blog/from-data-scientist-to-mlops-engineer-a-roadmap,From Data Scientist to MLOps Engineer: A Roadmap,No editorial inbound link (only prev/next and deep archive pages). Closest related article in mlops (2 shared tags).,low
/blog/mlops-roadmap-2026-skills-tools-and-career-path,/blog/gpu-vs-cpu-for-ml-when-you-actually-need-a-gpu,GPU vs CPU for ML: When You Actually Need a GPU,No editorial inbound link (only prev/next and deep archive pages). Closest related article in mlops (1 shared tags).,low
/blog/portfolio-building-projects-that-impress-recruiters,/blog/personal-projects-that-double-as-interview-stories,Personal Projects That Double as Interview Stories,No editorial inbound link (only prev/next and deep archive pages). Closest related article in career-guidance (2 shared tags).,low
/blog/power-bi-interview-questions-with-detailed-answers,/blog/dax-interview-questions-for-power-bi-developers,DAX Interview Questions for Power BI Developers,No editorial inbound link (only prev/next and deep archive pages). Closest related article in interview-questions (4 shared tags).,low
/blog/power-bi-mobile-designing-reports-for-phones,/blog/power-bi-paginated-reports-vs-interactive-reports,Power BI Paginated Reports vs Interactive Reports,No editorial inbound link (only prev/next and deep archive pages). Closest related article in power-bi (3 shared tags).,low
/blog/power-bi-roadmap-2026-from-beginner-to-job-ready,/blog/power-bi-certification-pl-300-how-to-prepare,Power BI Certification (PL-300): How to Prepare,No editorial inbound link (only prev/next and deep archive pages). Closest related article in power-bi (2 shared tags).,low
/blog/power-bi-roadmap-2026-from-beginner-to-job-ready,/blog/power-bi-vs-tableau-a-detailed-2026-comparison,Power BI vs Tableau: A Detailed 2026 Comparison,No editorial inbound link (only prev/next and deep archive pages). Closest related article in power-bi (2 shared tags).,low
/blog/power-bi-roadmap-2026-from-beginner-to-job-ready,/blog/from-power-bi-beginner-to-developer-a-career-roadmap,From Power BI Beginner to Developer: A Career Roadmap,No editorial inbound link (only prev/next and deep archive pages). Closest related article in power-bi (3 shared tags).,low
/blog/python-decorators-explained-with-real-examples,/blog/python-decorators-vs-context-managers-when-to-use-each,Python Decorators vs Context Managers: When to Use Each,No editorial inbound link (only prev/next and deep archive pages). Closest related article in python (2 shared tags).,low
/blog/python-decorators-explained-with-real-examples,/blog/python-for-automation-a-real-world-project-guide,Python for Automation: A Real-World Project Guide,No editorial inbound link (only prev/next and deep archive pages). Closest related article in python (2 shared tags).,low
/blog/python-generators-and-iterators-made-simple,/blog/python-iterators-vs-generators-vs-comprehensions,Python Iterators vs Generators vs Comprehensions,No editorial inbound link (only prev/next and deep archive pages). Closest related article in python (3 shared tags).,low
/blog/python-interview-questions-for-data-roles,/blog/statistics-interview-questions-for-data-science,Statistics Interview Questions for Data Science,No editorial inbound link (only prev/next and deep archive pages). Closest related article in interview-questions (4 shared tags).,low
/blog/python-interview-questions-for-data-roles,/blog/data-analyst-interview-questions-and-answers,Data Analyst Interview Questions and Answers,No editorial inbound link (only prev/next and deep archive pages). Closest related article in interview-questions (4 shared tags).,low
/blog/python-interview-questions-for-data-roles,/blog/snowflake-interview-questions-for-data-engineers,Snowflake Interview Questions for Data Engineers,No editorial inbound link (only prev/next and deep archive pages). Closest related article in interview-questions (4 shared tags).,low
/blog/python-interview-questions-for-data-roles,/blog/airflow-interview-questions-for-data-engineers,Airflow Interview Questions for Data Engineers,No editorial inbound link (only prev/next and deep archive pages). Closest related article in interview-questions (4 shared tags).,low
/blog/python-interview-questions-for-data-roles,/blog/numpy-interview-questions-for-data-roles,NumPy Interview Questions for Data Roles,No editorial inbound link (only prev/next and deep archive pages). Closest related article in interview-questions (4 shared tags).,low
/blog/python-interview-questions-for-data-roles,/blog/gcp-interview-questions-for-data-engineers,GCP Interview Questions for Data Engineers,No editorial inbound link (only prev/next and deep archive pages). Closest related article in interview-questions (4 shared tags).,low
/blog/python-interview-questions-for-data-roles,/blog/probability-interview-questions-for-data-science,Probability Interview Questions for Data Science,No editorial inbound link (only prev/next and deep archive pages). Closest related article in interview-questions (4 shared tags).,low
/blog/python-interview-questions-for-data-roles,/blog/python-coding-interview-questions-and-patterns,Python Coding Interview Questions and Patterns,No editorial inbound link (only prev/next and deep archive pages). Closest related article in interview-questions (4 shared tags).,low
/blog/python-interview-questions-for-data-roles,/blog/linux-interview-questions-for-data-engineers,Linux Interview Questions for Data Engineers,No editorial inbound link (only prev/next and deep archive pages). Closest related article in interview-questions (4 shared tags).,low
/blog/python-interview-questions-for-data-roles,/blog/data-modeling-interview-questions-explained,Data Modeling Interview Questions Explained,No editorial inbound link (only prev/next and deep archive pages). Closest related article in interview-questions (4 shared tags).,low
/blog/python-interview-questions-for-data-roles,/blog/etl-interview-questions-for-data-engineers,ETL Interview Questions for Data Engineers,No editorial inbound link (only prev/next and deep archive pages). Closest related article in interview-questions (4 shared tags).,low
/blog/python-interview-questions-for-data-roles,/blog/data-warehouse-interview-questions-and-answers,Data Warehouse Interview Questions and Answers,No editorial inbound link (only prev/next and deep archive pages). Closest related article in interview-questions (4 shared tags).,low
/blog/python-interview-questions-for-data-roles,/blog/azure-interview-questions-for-data-engineers,Azure Interview Questions for Data Engineers,No editorial inbound link (only prev/next and deep archive pages). Closest related article in interview-questions (4 shared tags).,low
/blog/python-interview-questions-for-data-roles,/blog/nlp-interview-questions-for-data-scientists,NLP Interview Questions for Data Scientists,No editorial inbound link (only prev/next and deep archive pages). Closest related article in interview-questions (4 shared tags).,low
/blog/python-interview-questions-for-data-roles,/blog/behavioral-interview-questions-for-data-roles,Behavioral Interview Questions for Data Roles,No editorial inbound link (only prev/next and deep archive pages). Closest related article in interview-questions (4 shared tags).,low
/blog/python-interview-questions-for-data-roles,/blog/excel-interview-questions-for-data-analysts,Excel Interview Questions for Data Analysts,No editorial inbound link (only prev/next and deep archive pages). Closest related article in interview-questions (4 shared tags).,low
/blog/python-projects-for-beginners-15-ideas-to-build,/blog/python-mini-projects-to-build-in-a-weekend,Python Mini Projects to Build in a Weekend,No editorial inbound link (only prev/next and deep archive pages). Closest related article in python (2 shared tags).,low
/blog/real-time-feature-engineering-for-online-models,/blog/batch-vs-real-time-model-inference-tradeoffs,Batch vs Real-Time Model Inference: Tradeoffs,No editorial inbound link (only prev/next and deep archive pages). Closest related article in mlops (3 shared tags).,low
/blog/redshift-vs-snowflake-vs-bigquery-a-comparison,/blog/athena-vs-redshift-when-to-use-each,Athena vs Redshift: When to Use Each,No editorial inbound link (only prev/next and deep archive pages). Closest related article in aws (2 shared tags).,low
/blog/snowflake-explained-the-cloud-data-warehouse,/blog/cloud-data-warehouses-compared-snowflake-vs-bigquery-vs-redshift,Cloud Data Warehouses Compared: Snowflake vs BigQuery vs Redshift,No editorial inbound link (only prev/next and deep archive pages). Closest related article in data-engineering (3 shared tags).,low
/blog/sql-for-data-analysts-the-queries-you-need-daily,/blog/correlation-vs-causation-a-must-know-for-analysts,Correlation vs Causation: A Must-Know for Analysts,No editorial inbound link (only prev/next and deep archive pages). Closest related article in data-analytics (2 shared tags).,low
/blog/sql-for-data-science-queries-every-data-scientist-must-know,/blog/pandas-vs-sql-for-data-analysis-when-to-use-which,Pandas vs SQL for Data Analysis: When to Use Which,No editorial inbound link (only prev/next and deep archive pages). Closest related article in data-science (3 shared tags).,low
/blog/sql-interview-questions-top-50-with-answers,/blog/pyspark-interview-questions-with-examples,PySpark Interview Questions with Examples,No editorial inbound link (only prev/next and deep archive pages). Closest related article in interview-questions (3 shared tags).,low
/blog/sql-interview-questions-top-50-with-answers,/blog/databricks-interview-questions-and-answers,Databricks Interview Questions and Answers,No editorial inbound link (only prev/next and deep archive pages). Closest related article in interview-questions (4 shared tags).,low
/blog/sql-interview-questions-top-50-with-answers,/blog/kafka-interview-questions-explained,Kafka Interview Questions Explained,No editorial inbound link (only prev/next and deep archive pages). Closest related article in interview-questions (3 shared tags).,low
/blog/sql-interview-questions-top-50-with-answers,/blog/generative-ai-and-llm-interview-questions,Generative AI and LLM Interview Questions,No editorial inbound link (only prev/next and deep archive pages). Closest related article in interview-questions (3 shared tags).,low
/blog/sql-interview-questions-top-50-with-answers,/blog/bigquery-interview-questions-and-answers,BigQuery Interview Questions and Answers,No editorial inbound link (only prev/next and deep archive pages). Closest related article in interview-questions (4 shared tags).,low
/blog/sql-interview-questions-top-50-with-answers,/blog/mlops-interview-questions-and-answers,MLOps Interview Questions and Answers,No editorial inbound link (only prev/next and deep archive pages). Closest related article in interview-questions (4 shared tags).,low
/blog/sql-interview-questions-top-50-with-answers,/blog/sql-query-optimization-interview-questions,SQL Query Optimization Interview Questions,No editorial inbound link (only prev/next and deep archive pages). Closest related article in interview-questions (3 shared tags).,low
/blog/sql-interview-questions-top-50-with-answers,/blog/tableau-interview-questions-and-answers,Tableau Interview Questions and Answers,No editorial inbound link (only prev/next and deep archive pages). Closest related article in interview-questions (4 shared tags).,low
/blog/sql-interview-questions-top-50-with-answers,/blog/git-interview-questions-every-developer-should-know,Git Interview Questions Every Developer Should Know,No editorial inbound link (only prev/next and deep archive pages). Closest related article in interview-questions (3 shared tags).,low
/blog/sql-interview-questions-top-50-with-answers,/blog/rest-api-interview-questions-and-answers,REST API Interview Questions and Answers,No editorial inbound link (only prev/next and deep archive pages). Closest related article in interview-questions (3 shared tags).,low
/blog/sql-interview-questions-top-50-with-answers,/blog/hadoop-interview-questions-and-answers,Hadoop Interview Questions and Answers,No editorial inbound link (only prev/next and deep archive pages). Closest related article in interview-questions (4 shared tags).,low
/blog/sql-interview-questions-top-50-with-answers,/blog/scenario-based-sql-interview-questions,Scenario-Based SQL Interview Questions,No editorial inbound link (only prev/next and deep archive pages). Closest related article in interview-questions (3 shared tags).,low
/blog/sql-interview-questions-top-50-with-answers,/blog/time-series-interview-questions-for-data-science,Time Series Interview Questions for Data Science,No editorial inbound link (only prev/next and deep archive pages). Closest related article in interview-questions (3 shared tags).,low
/blog/sql-interview-questions-top-50-with-answers,/blog/computer-vision-interview-questions-and-answers,Computer Vision Interview Questions and Answers,No editorial inbound link (only prev/next and deep archive pages). Closest related article in interview-questions (3 shared tags).,low
/blog/sql-interview-questions-top-50-with-answers,/blog/system-design-interview-questions-for-data-engineers,System Design Interview Questions for Data Engineers,No editorial inbound link (only prev/next and deep archive pages). Closest related article in interview-questions (3 shared tags).,low
/blog/sql-interview-questions-top-50-with-answers,/blog/redshift-interview-questions-and-answers,Redshift Interview Questions and Answers,No editorial inbound link (only prev/next and deep archive pages). Closest related article in interview-questions (4 shared tags).,low
/blog/sql-interview-questions-top-50-with-answers,/blog/docker-and-kubernetes-interview-questions-for-ml,Docker and Kubernetes Interview Questions for ML,No editorial inbound link (only prev/next and deep archive pages). Closest related article in interview-questions (3 shared tags).,low
/blog/what-is-generative-ai-a-complete-beginner-s-guide,/blog/generative-ai-salary-in-india-2026-roles-and-pay,Generative AI Salary in India 2026: Roles and Pay,No editorial inbound link (only prev/next and deep archive pages). Closest related article in generative-ai (2 shared tags).,low
/blog/what-is-generative-ai-a-complete-beginner-s-guide,/blog/top-generative-ai-projects-to-build-for-your-portfolio,Top Generative AI Projects to Build for Your Portfolio,No editorial inbound link (only prev/next and deep archive pages). Closest related article in generative-ai (2 shared tags).,low
/blog/what-is-generative-ai-a-complete-beginner-s-guide,/blog/generative-ai-interview-questions-and-how-to-answer-them,Generative AI Interview Questions and How to Answer Them,No editorial inbound link (only prev/next and deep archive pages). Closest related article in generative-ai (2 shared tags).,low
/blog/what-is-mlops-devops-for-machine-learning-explained,/blog/mlops-vs-devops-vs-dataops-key-differences,MLOps vs DevOps vs DataOps: Key Differences,No editorial inbound link (only prev/next and deep archive pages). Closest related article in mlops (2 shared tags).,low
/blog/workflow-orchestration-with-apache-airflow-dags,/blog/orchestration-airflow-vs-dagster-vs-prefect,Orchestration: Airflow vs Dagster vs Prefect,No editorial inbound link (only prev/next and deep archive pages). Closest related article in data-engineering (3 shared tags).,low
/blog/working-with-json-in-python-a-practical-guide,/blog/python-logging-a-practical-setup-for-real-projects,Python Logging: A Practical Setup for Real Projects,No editorial inbound link (only prev/next and deep archive pages). Closest related article in python (2 shared tags).,low
/courses/data-engineering,/blog/category/gcp,GCP guides and tutorials,Course pages link to 4 articles but never to their topic hub.,low
/courses/data-engineering,/blog/category/azure-data-factory,Azure Data Factory guides and tutorials,Course pages link to 4 articles but never to their topic hub.,low
/courses/data-engineering,/blog/category/aws,AWS guides and tutorials,Course pages link to 4 articles but never to their topic hub.,low
/courses/data-science,/blog/category/career-guidance,Career Guidance guides and tutorials,Course pages link to 4 articles but never to their topic hub.,low
/courses/data-science,/blog/category/interview-questions,Interview Questions guides and tutorials,Course pages link to 4 articles but never to their topic hub.,low
